StockCode,model,mae_units,wape_pct
15036,Gradient boosting 15 leaves,23.478820190726804,91.07300244484823
15036,Gradient boosting 31 leaves,23.437615425879912,90.91317151556147
15036,Trailing 7-day mean,33.59183673469388,130.30081597856537
15036,Same weekday last week,33.21978021978022,128.85763000852515
15036,Yesterday,36.16483516483517,140.28132992327366
15036,Ridge alpha=100,130.72803538326067,507.08658226243483
15036,Ridge alpha=1,133.95628591460527,519.6087816806939
17003,Gradient boosting 15 leaves,62.46693098097352,100.96786357493056
17003,Gradient boosting 31 leaves,62.515798650618436,101.04685039442768
17003,Trailing 7-day mean,91.67503924646783,148.17812737883787
17003,Same weekday last week,97.23076923076923,157.15808170515098
17003,Yesterday,109.91208791208791,177.65541740674956
17003,Ridge alpha=100,120.16442224122629,194.22668603821657
17003,Ridge alpha=1,121.96743646096625,197.14097189960796
21212,Gradient boosting 15 leaves,58.72513124641387,65.80454307872999
21212,Gradient boosting 31 leaves,58.18986044300468,65.20474449345433
21212,Trailing 7-day mean,80.42857142857144,90.12436892008375
21212,Same weekday last week,87.49450549450549,98.04211304026597
21212,Yesterday,100.54945054945055,112.67085334318433
21212,Ridge alpha=100,106.60978118419564,119.46176687306739
21212,Ridge alpha=1,109.07978084866728,122.22952908790448
21977,Gradient boosting 15 leaves,45.420030196806074,81.04358329234024
21977,Gradient boosting 31 leaves,45.06840383248931,80.41617154424564
21977,Trailing 7-day mean,65.21036106750392,116.35574229691876
21977,Same weekday last week,71.96703296703296,128.41176470588235
21977,Yesterday,78.56043956043956,140.1764705882353
21977,Ridge alpha=100,106.69770716822573,190.38218337859885
21977,Ridge alpha=1,108.85268630065829,194.22734222274323
22178,Gradient boosting 15 leaves,56.866434765371565,81.16131687027622
22178,Gradient boosting 31 leaves,56.403554962049284,80.500682270177
22178,Trailing 7-day mean,75.81632653061224,108.20711597060406
22178,Same weekday last week,89.37362637362638,127.5564617314931
22178,Yesterday,98.92307692307692,141.18569636135507
22178,Ridge alpha=100,97.0569778721862,138.52234922159573
22178,Ridge alpha=1,98.53533566326287,140.63230152692788
22197,Gradient boosting 15 leaves,208.47746856943454,84.12686639092964
22197,Gradient boosting 31 leaves,205.28140001458195,82.83715755987299
22197,Trailing 7-day mean,232.33908948194664,93.75574095542169
22197,Same weekday last week,217.2967032967033,87.68569021329431
22197,Yesterday,300.0879120879121,121.0944082302337
22197,Ridge alpha=100,191.99182562100444,77.4744185690719
22197,Ridge alpha=1,192.29320148134823,77.59603270277455
22616,Gradient boosting 15 leaves,62.90260842708707,93.3486198118872
22616,Gradient boosting 31 leaves,63.25919511920158,93.87780097598409
22616,Trailing 7-day mean,88.61852433281004,131.51150871307425
22616,Same weekday last week,99.63736263736264,147.86366601435094
22616,Yesterday,104.32967032967034,154.82713633398564
22616,Ridge alpha=100,115.53669149381342,171.45856043602447
22616,Ridge alpha=1,117.39195944688932,174.21181196456175
23166,Gradient boosting 15 leaves,13.808151354280007,100.12285045732912
23166,Gradient boosting 31 leaves,13.914404117883006,100.8932888228967
23166,Trailing 7-day mean,17.629513343799058,127.831531018782
23166,Same weekday last week,20.417582417582416,148.04780876494024
23166,Yesterday,21.043956043956044,152.58964143426294
23166,Ridge alpha=100,385.7498184329854,2797.070396605711
23166,Ridge alpha=1,398.6335560786324,2890.4903269446654
84077,Gradient boosting 15 leaves,145.07138612432723,81.70253829257197
84077,Gradient boosting 31 leaves,145.05584774571648,81.69378725622106
84077,Trailing 7-day mean,190.26059654631084,107.15258253319895
84077,Same weekday last week,200.9010989010989,113.14519123653918
84077,Yesterday,234.78021978021977,132.22552296076248
84077,Ridge alpha=100,153.0233342784407,86.1809841523586
84077,Ridge alpha=1,155.09104534623006,87.3454952748294
84879,Gradient boosting 15 leaves,79.8176134600834,65.86925568937689
84879,Gradient boosting 31 leaves,78.25628241069404,64.580771736403
84879,Trailing 7-day mean,94.96232339089482,78.36738395367216
84879,Same weekday last week,102.54945054945055,84.62863879568333
84879,Yesterday,136.0879120879121,112.3061576131314
84879,Ridge alpha=100,92.69461289237039,76.49596239417525
84879,Ridge alpha=1,93.80813812032574,77.41489588237637
85099B,Gradient boosting 15 leaves,119.25197722542269,69.03702479491993
85099B,Gradient boosting 31 leaves,119.64510852303877,69.26461527830351
85099B,Trailing 7-day mean,154.79591836734696,89.61402488344406
85099B,Same weekday last week,172.65934065934067,99.95546790508303
85099B,Yesterday,170.6153846153846,98.77218652586042
85099B,Ridge alpha=100,133.62729672744013,77.35914499775464
85099B,Ridge alpha=1,134.62064928146032,77.9342139106361
85123A,Gradient boosting 15 leaves,70.60525449190763,70.8622274044733
85123A,Gradient boosting 31 leaves,68.53956768128674,68.78902237782168
85123A,Trailing 7-day mean,90.0094191522763,90.33701492066994
85123A,Same weekday last week,92.52747252747253,92.86423293261277
85123A,Yesterday,100.76923076923077,101.13598764751296
85123A,Ridge alpha=100,102.6288534496294,103.00237855868838
85123A,Ridge alpha=1,104.92183338158087,105.3037039563677
