window_days,policy,lag_bucket,matched_value_gbp
7,FIFO,<1 day,309278.5999999996
7,FIFO,1-7 days,47277.87000000001
7,FIFO,7-30 days,0.0
7,FIFO,30-90 days,0.0
7,FIFO,90-365 days,0.0
7,LIFO,<1 day,315872.88999999955
7,LIFO,1-7 days,40683.58000000011
7,LIFO,7-30 days,0.0
7,LIFO,30-90 days,0.0
7,LIFO,90-365 days,0.0
30,FIFO,<1 day,306290.0599999996
30,FIFO,1-7 days,43767.14000000007
30,FIFO,7-30 days,58845.21000000002
30,FIFO,30-90 days,0.0
30,FIFO,90-365 days,0.0
30,LIFO,<1 day,315872.88999999955
30,LIFO,1-7 days,40683.58000000011
30,LIFO,7-30 days,52335.99000000006
30,LIFO,30-90 days,0.0
30,LIFO,90-365 days,0.0
90,FIFO,<1 day,300773.5899999996
90,FIFO,1-7 days,33804.390000000094
90,FIFO,7-30 days,48746.31999999995
90,FIFO,30-90 days,47939.540000000175
90,FIFO,90-365 days,0.0
90,LIFO,<1 day,315872.88999999955
90,LIFO,1-7 days,40683.58000000011
90,LIFO,7-30 days,52335.99000000006
90,LIFO,30-90 days,22362.680000000062
90,LIFO,90-365 days,0.0
365,FIFO,<1 day,298089.6599999997
365,FIFO,1-7 days,32347.66000000012
365,FIFO,7-30 days,44237.46999999994
365,FIFO,30-90 days,33512.40000000011
365,FIFO,90-365 days,53119.739999999816
365,LIFO,<1 day,315872.88999999955
365,LIFO,1-7 days,40683.58000000011
365,LIFO,7-30 days,52335.99000000006
365,LIFO,30-90 days,22362.680000000062
365,LIFO,90-365 days,30051.790000000095
