window_days,policy,month,matched_value_gbp,identified_credit_value_gbp,all_credit_value_gbp,coverage_all_pct
7,FIFO,2010-12,6567.759999999996,18049.870000000046,74729.12,8.788755976251286
7,FIFO,2011-01,82040.79999999992,94369.40999999986,131363.05000000002,62.45348292385104
7,FIFO,2011-02,1612.700000000001,10550.85,25519.15,6.3195678539449816
7,FIFO,2011-03,4934.559999999994,15505.549999999987,34201.28,14.427998016448491
7,FIFO,2011-04,11115.140000000005,43151.66000000001,44600.65,24.92147535966405
7,FIFO,2011-05,6735.479999999998,30343.480000000065,47202.51,14.269325932031999
7,FIFO,2011-06,6172.449999999994,53183.52999999998,70569.78,8.746590962873903
7,FIFO,2011-07,4676.55,25850.580000000045,37919.13,12.332957006133844
7,FIFO,2011-08,7214.629999999999,28972.950000000023,54330.8,13.279079269953689
7,FIFO,2011-09,6130.379999999997,21333.970000000027,38838.51,15.784282146766179
7,FIFO,2011-10,35197.800000000025,62336.07000000004,81895.5,42.97891825558184
7,FIFO,2011-11,14614.679999999998,29390.540000000063,47720.979999999996,30.625272154930595
7,FIFO,2011-12,169543.54,175651.01,205089.27000000002,82.66816689142244
7,LIFO,2010-12,6567.759999999996,18049.870000000046,74729.12,8.788755976251286
7,LIFO,2011-01,82040.79999999992,94369.40999999986,131363.05000000002,62.45348292385104
7,LIFO,2011-02,1612.700000000001,10550.85,25519.15,6.3195678539449816
7,LIFO,2011-03,4934.559999999994,15505.549999999987,34201.28,14.427998016448491
7,LIFO,2011-04,11115.140000000005,43151.66000000001,44600.65,24.92147535966405
7,LIFO,2011-05,6735.479999999998,30343.480000000065,47202.51,14.269325932031999
7,LIFO,2011-06,6172.449999999994,53183.52999999998,70569.78,8.746590962873903
7,LIFO,2011-07,4676.55,25850.580000000045,37919.13,12.332957006133844
7,LIFO,2011-08,7214.629999999999,28972.950000000023,54330.8,13.279079269953689
7,LIFO,2011-09,6130.379999999997,21333.970000000027,38838.51,15.784282146766179
7,LIFO,2011-10,35197.800000000025,62336.07000000004,81895.5,42.97891825558184
7,LIFO,2011-11,14614.679999999998,29390.540000000063,47720.979999999996,30.625272154930595
7,LIFO,2011-12,169543.54,175651.01,205089.27000000002,82.66816689142244
30,FIFO,2010-12,7962.0699999999915,18049.870000000046,74729.12,10.654574816350028
30,FIFO,2011-01,85555.9199999999,94369.40999999986,131363.05000000002,65.12936476429245
30,FIFO,2011-02,4026.6599999999976,10550.85,25519.15,15.778973829457476
30,FIFO,2011-03,8060.549999999982,15505.549999999987,34201.28,23.567977572769156
30,FIFO,2011-04,14066.240000000007,43151.66000000001,44600.65,31.53819507114808
30,FIFO,2011-05,10397.259999999998,30343.480000000065,47202.51,22.02692187343427
30,FIFO,2011-06,9678.22999999999,53183.52999999998,70569.78,13.71441146621116
30,FIFO,2011-07,7582.649999999988,25850.580000000045,37919.13,19.996898663023092
30,FIFO,2011-08,19808.950000000023,28972.950000000023,54330.8,36.45989015438761
30,FIFO,2011-09,10573.6,21333.970000000027,38838.51,27.224525348680984
30,FIFO,2011-10,40616.77000000002,62336.07000000004,81895.5,49.59585080987358
30,FIFO,2011-11,19323.110000000022,29390.540000000063,47720.979999999996,40.49185494514158
30,FIFO,2011-12,171250.4,175651.01,205089.27000000002,83.50041911017577
30,LIFO,2010-12,7962.0699999999915,18049.870000000046,74729.12,10.654574816350028
30,LIFO,2011-01,85555.9199999999,94369.40999999986,131363.05000000002,65.12936476429245
30,LIFO,2011-02,4026.6599999999976,10550.85,25519.15,15.778973829457476
30,LIFO,2011-03,8060.549999999982,15505.549999999987,34201.28,23.567977572769156
30,LIFO,2011-04,14066.240000000007,43151.66000000001,44600.65,31.53819507114808
30,LIFO,2011-05,10397.259999999998,30343.480000000065,47202.51,22.02692187343427
30,LIFO,2011-06,9678.22999999999,53183.52999999998,70569.78,13.71441146621116
30,LIFO,2011-07,7582.649999999988,25850.580000000045,37919.13,19.996898663023092
30,LIFO,2011-08,19808.950000000023,28972.950000000023,54330.8,36.45989015438761
30,LIFO,2011-09,10563.650000000003,21333.970000000027,38838.51,27.198906446205072
30,LIFO,2011-10,40616.77000000002,62336.07000000004,81895.5,49.59585080987358
30,LIFO,2011-11,19323.110000000022,29390.540000000063,47720.979999999996,40.49185494514158
30,LIFO,2011-12,171250.4,175651.01,205089.27000000002,83.50041911017577
90,FIFO,2010-12,7962.0699999999915,18049.870000000046,74729.12,10.654574816350028
90,FIFO,2011-01,87596.81999999989,94369.40999999986,131363.05000000002,66.68299799677297
90,FIFO,2011-02,7106.849999999992,10550.85,25519.15,27.84908588256267
90,FIFO,2011-03,8998.449999999979,15505.549999999987,34201.28,26.310272597984575
90,FIFO,2011-04,15533.220000000005,43151.66000000001,44600.65,34.827339960292065
90,FIFO,2011-05,11271.060000000001,30343.480000000065,47202.51,23.878094618273483
90,FIFO,2011-06,11342.829999999985,53183.52999999998,70569.78,16.073211507815365
90,FIFO,2011-07,9382.87999999999,25850.580000000045,37919.13,24.744449569386195
90,FIFO,2011-08,22151.54000000003,28972.950000000023,54330.8,40.77160652889342
90,FIFO,2011-09,12948.239999999996,21333.970000000027,38838.51,33.33866309495394
90,FIFO,2011-10,42220.61000000005,62336.07000000004,81895.5,51.55424901246107
90,FIFO,2011-11,21893.11000000004,29390.540000000063,47720.979999999996,45.87732691155975
90,FIFO,2011-12,172856.16,175651.01,205089.27000000002,84.28337572219161
90,LIFO,2010-12,7962.0699999999915,18049.870000000046,74729.12,10.654574816350028
90,LIFO,2011-01,87596.81999999989,94369.40999999986,131363.05000000002,66.68299799677297
90,LIFO,2011-02,7106.849999999992,10550.85,25519.15,27.84908588256267
90,LIFO,2011-03,8998.449999999979,15505.549999999987,34201.28,26.310272597984575
90,LIFO,2011-04,15533.220000000005,43151.66000000001,44600.65,34.827339960292065
90,LIFO,2011-05,11266.11,30343.480000000065,47202.51,23.86760788780088
90,LIFO,2011-06,11342.829999999985,53183.52999999998,70569.78,16.073211507815365
90,LIFO,2011-07,9382.87999999999,25850.580000000045,37919.13,24.744449569386195
90,LIFO,2011-08,22151.54000000003,28972.950000000023,54330.8,40.77160652889342
90,LIFO,2011-09,12948.239999999996,21333.970000000027,38838.51,33.33866309495394
90,LIFO,2011-10,42216.86000000005,62336.07000000004,81895.5,51.54967000628857
90,LIFO,2011-11,21893.11000000004,29390.540000000063,47720.979999999996,45.87732691155975
90,LIFO,2011-12,172856.16,175651.01,205089.27000000002,84.28337572219161
365,FIFO,2010-12,7962.0699999999915,18049.870000000046,74729.12,10.654574816350028
365,FIFO,2011-01,87596.81999999989,94369.40999999986,131363.05000000002,66.68299799677297
365,FIFO,2011-02,7106.849999999992,10550.85,25519.15,27.84908588256267
365,FIFO,2011-03,9024.11999999998,15505.549999999987,34201.28,26.38532826841563
365,FIFO,2011-04,36871.620000000024,43151.66000000001,44600.65,82.67058888155222
365,FIFO,2011-05,11386.650000000001,30343.480000000065,47202.51,24.122975663794154
365,FIFO,2011-06,12201.009999999982,53183.52999999998,70569.78,17.289284450086114
365,FIFO,2011-07,10656.659999999987,25850.580000000045,37919.13,28.103651112248585
365,FIFO,2011-08,22406.66000000003,28972.950000000023,54330.8,41.241174435127085
365,FIFO,2011-09,14928.769999999999,21333.970000000027,38838.51,38.43806057441441
365,FIFO,2011-10,44142.86000000002,62336.07000000004,81895.5,53.90144757648469
365,FIFO,2011-11,23717.59000000006,29390.540000000063,47720.979999999996,49.70055099455221
365,FIFO,2011-12,173305.25,175651.01,205089.27000000002,84.50234866017125
365,LIFO,2010-12,7962.0699999999915,18049.870000000046,74729.12,10.654574816350028
365,LIFO,2011-01,87596.81999999989,94369.40999999986,131363.05000000002,66.68299799677297
365,LIFO,2011-02,7106.849999999992,10550.85,25519.15,27.84908588256267
365,LIFO,2011-03,9024.11999999998,15505.549999999987,34201.28,26.38532826841563
365,LIFO,2011-04,36871.620000000024,43151.66000000001,44600.65,82.67058888155222
365,LIFO,2011-05,11386.650000000001,30343.480000000065,47202.51,24.122975663794154
365,LIFO,2011-06,12201.009999999982,53183.52999999998,70569.78,17.289284450086114
365,LIFO,2011-07,10656.659999999987,25850.580000000045,37919.13,28.103651112248585
365,LIFO,2011-08,22406.66000000003,28972.950000000023,54330.8,41.241174435127085
365,LIFO,2011-09,14928.769999999999,21333.970000000027,38838.51,38.43806057441441
365,LIFO,2011-10,44142.86000000002,62336.07000000004,81895.5,53.90144757648469
365,LIFO,2011-11,23717.59000000006,29390.540000000063,47720.979999999996,49.70055099455221
365,LIFO,2011-12,173305.25,175651.01,205089.27000000002,84.50234866017125
